2025-08-14_23-03-46,None,draft.cpp:2025-08-14_23-03-46
2025-08-14_23-04-09,None,draft.cpp:2025-08-14_23-04-09
2025-08-14_23-04-35,None,draft.cpp:2025-08-14_23-04-35
2025-08-14_23-05-10,None,draft.cpp:2025-08-14_23-05-10
2025-08-14_23-12-46,None,draft.cpp:2025-08-14_23-05-10
2025-08-14_23-12-59,None,draft.cpp:2025-08-14_23-05-10
2025-08-14_23-16-31,None,draft.cpp:2025-08-14_23-16-31
2025-08-14_23-16-56,None,draft.cpp:2025-08-14_23-16-56
2025-08-14_23-17-21,None,draft.cpp:2025-08-14_23-17-21
2025-08-14_23-24-07,None,draft.cpp:2025-08-14_23-24-07
2025-08-14_23-26-20,None,draft.cpp:2025-08-14_23-26-20
2025-08-14_23-26-36,None,draft.cpp:2025-08-14_23-26-36
2025-08-14_23-26-47,None,draft.cpp:2025-08-14_23-26-47
2025-08-14_23-26-52,None,draft.cpp:2025-08-14_23-26-52
2025-08-14_23-31-28,None,draft.cpp:2025-08-14_23-31-28
