2025-08-14_15-53-02,None,draft.cpp:2025-08-14_15-53-02
2025-08-14_15-53-57,None,draft.cpp:2025-08-14_15-53-57
2025-08-14_15-54-59,None,draft.cpp:2025-08-14_15-54-59
2025-08-14_16-02-47,None,draft.cpp:2025-08-14_16-02-47
2025-08-14_16-03-03,None,draft.cpp:2025-08-14_16-02-47
2025-08-14_16-07-59,None,draft.cpp:2025-08-14_16-07-59
2025-08-14_16-08-52,None,draft.cpp:2025-08-14_16-07-59
2025-08-14_16-09-18,None,draft.cpp:2025-08-14_16-07-59
2025-08-14_16-09-32,None,draft.cpp:2025-08-14_16-07-59
2025-08-14_16-11-25,None,draft.cpp:2025-08-14_16-11-25
2025-08-14_16-11-50,None,draft.cpp:2025-08-14_16-11-50
2025-08-14_16-13-55,None,draft.cpp:2025-08-14_16-13-55
