2025-08-16_21-00-41,None,main.cpp:2025-08-16_21-00-41;user.cpp:2025-08-16_21-00-41
2025-08-16_21-00-50,None,main.cpp:2025-08-16_21-00-41;user.cpp:2025-08-16_21-00-50
2025-08-16_21-01-58,None,main.cpp:2025-08-16_21-00-41;user.cpp:2025-08-16_21-01-58
2025-08-16_21-02-07,None,main.cpp:2025-08-16_21-00-41;user.cpp:2025-08-16_21-02-07
2025-08-16_21-02-41,None,main.cpp:2025-08-16_21-00-41;user.cpp:2025-08-16_21-02-07
2025-08-16_21-03-30,None,main.cpp:2025-08-16_21-00-41;user.cpp:2025-08-16_21-03-30
2025-08-16_21-03-45,None,main.cpp:2025-08-16_21-00-41;user.cpp:2025-08-16_21-03-45
2025-08-16_21-04-13,None,main.cpp:2025-08-16_21-00-41;user.cpp:2025-08-16_21-04-13
2025-08-16_21-10-38,None,main.cpp:2025-08-16_21-00-41;user.cpp:2025-08-16_21-10-38
2025-08-16_21-10-45,None,main.cpp:2025-08-16_21-00-41;user.cpp:2025-08-16_21-10-45
2025-08-16_21-10-53,None,main.cpp:2025-08-16_21-00-41;user.cpp:2025-08-16_21-10-53
