2025-08-14_23-55-44,None,draft.cpp:2025-08-14_23-55-44
2025-08-14_23-56-12,None,draft.cpp:2025-08-14_23-56-12
2025-08-14_23-57-36,None,draft.cpp:2025-08-14_23-57-36
2025-08-15_00-01-29,None,draft.cpp:2025-08-15_00-01-29
2025-08-15_00-01-42,None,draft.cpp:2025-08-15_00-01-42
2025-08-15_00-03-49,None,draft.cpp:2025-08-15_00-03-49
2025-08-15_00-03-57,None,draft.cpp:2025-08-15_00-03-57
2025-08-15_00-04-05,None,draft.cpp:2025-08-15_00-04-05
2025-08-15_00-25-26,None,draft.cpp:2025-08-15_00-25-26
2025-08-15_00-26-10,None,draft.cpp:2025-08-15_00-25-26
2025-08-15_00-27-10,None,draft.cpp:2025-08-15_00-27-10
2025-08-15_00-27-18,None,draft.cpp:2025-08-15_00-27-18
2025-08-15_00-28-09,None,draft.cpp:2025-08-15_00-28-09
2025-08-15_00-28-46,None,draft.cpp:2025-08-15_00-28-09
2025-08-15_00-31-51,None,draft.cpp:2025-08-15_00-31-51
2025-08-15_00-32-29,None,draft.cpp:2025-08-15_00-32-29
2025-08-15_00-35-23,None,draft.cpp:2025-08-15_00-35-23
2025-08-15_00-37-34,None,draft.cpp:2025-08-15_00-37-34
2025-08-15_00-37-49,None,draft.cpp:2025-08-15_00-37-49
2025-08-15_00-38-03,None,draft.cpp:2025-08-15_00-38-03
2025-08-15_00-38-26,None,draft.cpp:2025-08-15_00-38-26
2025-08-15_00-38-38,None,draft.cpp:2025-08-15_00-38-38
